披甲龙龟,召唤师峡谷,匹配,1/ 2/ 3,5.1K / 79,2020-05-01 14:03
盲僧,召唤师峡谷,匹配,8/ 4/ 8,11.6K / 148,2020-02-21 21:43
法外狂徒,召唤师峡谷,匹配,15/ 8/ 14,21.2K / 312,2020-02-21 20:57
盲僧,召唤师峡谷,匹配,10/ 0/ 1,8.0K / 110,2020-02-21 20:33
末日使者,嚎哭深渊,匹配,9/ 10/ 31,13.7K / 59,2019-12-29 23:24
暗裔剑魔,嚎哭深渊,匹配,18/ 9/ 23,15.9K / 69,2019-12-29 22:57
铁铠冥魂,嚎哭深渊,匹配,15/ 6/ 18,11.1K / 35,2019-12-20 22:57
虚空掠夺者,嚎哭深渊,匹配,11/ 8/ 12,12.4K / 35,2019-12-20 22:35
魂锁典狱长,嚎哭深渊,匹配,4/ 7/ 43,10.3K / 10,2019-12-20 22:15
魂锁典狱长,召唤师峡谷,匹配,2/ 7/ 26,10.4K / 47,2019-12-20 21:28
圣枪游侠,召唤师峡谷,匹配,3/ 9/ 7,9.9K / 162,2019-12-20 20:56
疾风剑豪,召唤师峡谷,匹配,2/ 4/ 2,7.8K / 164,2019-12-20 20:28
魂锁典狱长,召唤师峡谷,匹配,3/ 6/ 9,8.7K / 36,2019-12-18 22:36
暗夜猎手,召唤师峡谷,匹配,6/ 8/ 3,9.4K / 129,2019-12-18 22:04
虚空掠夺者,召唤师峡谷,匹配,7/ 4/ 12,10.6K / 120,2019-12-18 21:34
盲僧,召唤师峡谷,匹配,10/ 1/ 7,7.8K / 65,2019-12-18 21:13
诺克萨斯之手,召唤师峡谷,排位,11/ 0/ 3,13.1K / 200,2019-12-18 20:32
诺克萨斯之手,召唤师峡谷,排位,2/ 2/ 4,9.3K / 183,2019-12-18 19:59
德玛西亚之力,召唤师峡谷,排位,5/ 3/ 5,8.9K / 120,2019-12-18 19:21
虚空行者,嚎哭深渊,匹配,19/ 10/ 16,14.1K / 45,2019-12-17 19:36
暗夜猎手,召唤师峡谷,匹配,10/ 9/ 12,14.1K / 183,2019-12-16 22:13
探险家,召唤师峡谷,匹配,6/ 5/ 3,8.8K / 126,2019-12-16 21:49
暴走萝莉,召唤师峡谷,匹配,2/ 1/ 8,8.0K / 134,2019-12-16 21:22
惩戒之箭,召唤师峡谷,匹配,4/ 6/ 4,5.5K / 82,2019-12-16 21:01
德玛西亚之力,召唤师峡谷,匹配,12/ 8/ 3,17.5K / 303,2019-12-16 20:18
圣枪游侠,召唤师峡谷,匹配,1/ 6/ 17,11.9K / 217,2019-12-16 19:42
诺克萨斯之手,召唤师峡谷,排位,12/ 2/ 8,12.7K / 160,2019-12-16 19:10
爆破鬼才,嚎哭深渊,匹配,4/ 6/ 22,11.4K / 73,2019-12-16 18:44
影流之主,嚎哭深渊,匹配,11/ 11/ 7,11.5K / 49,2019-12-16 18:25
爆破鬼才,嚎哭深渊,匹配,18/ 10/ 42,19.8K / 143,2019-12-15 23:25
虚空行者,嚎哭深渊,匹配,20/ 8/ 23,12.2K / 42,2019-12-15 23:07
荒漠屠夫,嚎哭深渊,匹配,4/ 8/ 5,7.6K / 29,2019-12-15 22:51
铁铠冥魂,嚎哭深渊,匹配,6/ 9/ 9,9.7K / 55,2019-12-15 22:32
虚空行者,嚎哭深渊,匹配,20/ 9/ 13,13.6K / 51,2019-12-15 00:17
复仇焰魂,嚎哭深渊,匹配,16/ 15/ 34,18.8K / 71,2019-12-14 23:45
寒冰射手,嚎哭深渊,匹配,8/ 10/ 33,11.3K / 43,2019-12-14 16:53
沙漠死神,嚎哭深渊,匹配,6/ 7/ 40,15.5K / 113,2019-12-14 13:16
虚空之眼,嚎哭深渊,匹配,9/ 7/ 28,12.0K / 37,2019-12-14 12:55
齐天大圣,嚎哭深渊,匹配,21/ 11/ 19,13.8K / 34,2019-12-14 12:33
诺克萨斯之手,嚎哭深渊,匹配,15/ 6/ 16,14.2K / 113,2019-12-10 22:37
齐天大圣,嚎哭深渊,匹配,34/ 15/ 22,20.4K / 46,2019-12-10 22:04
殇之木乃伊,嚎哭深渊,匹配,12/ 14/ 37,14.8K / 36,2019-12-10 21:39
战争女神,嚎哭深渊,匹配,11/ 9/ 29,11.9K / 57,2019-12-10 21:19
战争女神,嚎哭深渊,匹配,12/ 4/ 18,9.6K / 48,2019-12-10 21:05
虚空行者,嚎哭深渊,匹配,22/ 16/ 23,18.7K / 81,2019-12-10 20:34
暗夜猎手,嚎哭深渊,匹配,19/ 6/ 26,12.7K / 51,2019-12-10 17:14
铁铠冥魂,嚎哭深渊,匹配,15/ 10/ 21,13.0K / 69,2019-12-09 22:36
光辉女郎,嚎哭深渊,匹配,6/ 2/ 31,9.6K / 41,2019-12-09 22:20
复仇焰魂,嚎哭深渊,匹配,17/ 14/ 37,18.0K / 71,2019-12-09 21:50
末日使者,嚎哭深渊,匹配,12/ 14/ 27,17.0K / 69,2019-12-08 22:50
探险家,召唤师峡谷,匹配,5/ 2/ 6,9.5K / 167,2019-12-08 22:25
魂锁典狱长,召唤师峡谷,匹配,2/ 4/ 13,6.9K / 32,2019-12-08 21:54
德玛西亚之翼,嚎哭深渊,匹配,6/ 5/ 31,9.7K / 42,2019-12-08 21:37
魂锁典狱长,召唤师峡谷,匹配,3/ 6/ 24,9.0K / 26,2019-12-08 21:03
魂锁典狱长,召唤师峡谷,匹配,4/ 5/ 33,11.3K / 54,2019-12-06 23:14
暗夜猎手,召唤师峡谷,匹配,4/ 5/ 1,6.2K / 97,2019-12-06 22:50
探险家,召唤师峡谷,匹配,20/ 1/ 7,16.7K / 168,2019-12-06 22:20
盲僧,召唤师峡谷,匹配,16/ 5/ 15,19.4K / 186,2019-12-06 21:31
疾风剑豪,召唤师峡谷,匹配,4/ 3/ 8,13.0K / 253,2019-12-06 20:54
圣枪游侠,召唤师峡谷,匹配,10/ 7/ 14,12.2K / 167,2019-12-06 20:23
熔岩巨兽,嚎哭深渊,匹配,19/ 8/ 26,16.2K / 71,2019-12-01 22:53
光辉女郎,嚎哭深渊,匹配,2/ 6/ 36,11.0K / 50,2019-12-01 22:32
蛮族之王,召唤师峡谷,匹配,21/ 4/ 12,22.0K / 277,2019-12-01 21:53
诺克萨斯之手,召唤师峡谷,匹配,17/ 2/ 4,17.9K / 270,2019-12-01 21:18
蒸汽机器人,召唤师峡谷,排位,0/ 8/ 15,6.9K / 40,2019-12-01 20:36
诺克萨斯之手,召唤师峡谷,排位,8/ 1/ 4,10.8K / 180,2019-11-27 22:30
诺克萨斯之手,召唤师峡谷,排位,10/ 5/ 8,15.5K / 183,2019-11-27 21:53
德玛西亚之力,召唤师峡谷,排位,18/ 6/ 6,16.6K / 184,2019-11-27 21:14
诺克萨斯之手,召唤师峡谷,排位,12/ 3/ 2,13.9K / 183,2019-11-26 22:37
齐天大圣,召唤师峡谷,排位,9/ 5/ 12,11.4K / 122,2019-11-26 21:56
诺克萨斯之手,召唤师峡谷,排位,9/ 3/ 11,11.8K / 148,2019-11-26 21:20
虚空掠夺者,召唤师峡谷,排位,6/ 2/ 13,10.7K / 157,2019-11-26 20:42
诺克萨斯之手,召唤师峡谷,排位,9/ 1/ 9,13.8K / 215,2019-11-26 20:04
复仇焰魂,嚎哭深渊,匹配,8/ 8/ 23,13.4K / 59,2019-11-22 22:59
探险家,召唤师峡谷,排位,5/ 6/ 12,14.9K / 258,2019-11-22 22:19
诺克萨斯之手,召唤师峡谷,排位,9/ 5/ 8,14.9K / 264,2019-11-22 21:34
狂野女猎手,召唤师峡谷,排位,4/ 3/ 0,6.3K / 95,2019-11-22 21:12
蒸汽机器人,召唤师峡谷,排位,6/ 3/ 13,8.2K / 34,2019-11-18 22:49
魂锁典狱长,召唤师峡谷,排位,4/ 1/ 21,9.5K / 14,2019-11-18 22:15
魂锁典狱长,召唤师峡谷,排位,6/ 6/ 12,8.2K / 8,2019-11-18 21:44
远古巫灵,嚎哭深渊,匹配,6/ 2/ 19,7.9K / 24,2019-11-18 20:58
深海泰坦,召唤师峡谷,排位,4/ 7/ 18,9.7K / 55,2019-11-17 22:42
魂锁典狱长,召唤师峡谷,排位,2/ 1/ 18,9.3K / 17,2019-11-17 22:07
蒸汽机器人,召唤师峡谷,排位,1/ 5/ 31,9.7K / 47,2019-11-17 21:27
众星之子,召唤师峡谷,排位,2/ 5/ 25,9.0K / 17,2019-11-17 20:53
魂锁典狱长,召唤师峡谷,排位,1/ 4/ 12,7.1K / 19,2019-11-17 20:19
虚空先知,嚎哭深渊,匹配,11/ 7/ 32,13.5K / 36,2019-11-16 23:57
齐天大圣,嚎哭深渊,匹配,27/ 11/ 19,17.6K / 74,2019-11-16 23:29
蒸汽机器人,嚎哭深渊,匹配,10/ 8/ 44,15.9K / 35,2019-11-16 22:58
疾风剑豪,嚎哭深渊,匹配,5/ 7/ 20,12.7K / 93,2019-11-16 22:30
德玛西亚之力,嚎哭深渊,匹配,16/ 12/ 8,14.1K / 75,2019-11-16 22:02
蒸汽机器人,嚎哭深渊,匹配,8/ 7/ 26,12.6K / 17,2019-11-15 23:46
暗夜猎手,嚎哭深渊,匹配,9/ 9/ 15,13.4K / 63,2019-11-15 23:20
诡术妖姬,嚎哭深渊,匹配,8/ 3/ 30,9.8K / 28,2019-11-15 23:00
魂锁典狱长,召唤师峡谷,匹配,2/ 9/ 30,10.5K / 8,2019-11-15 22:17
圣枪游侠,召唤师峡谷,匹配,12/ 4/ 16,19.0K / 257,2019-11-15 21:39
德玛西亚皇子,嚎哭深渊,匹配,12/ 8/ 34,12.3K / 41,2019-11-14 23:10
铁铠冥魂,嚎哭深渊,匹配,9/ 7/ 12,11.8K / 41,2019-11-14 22:46
圣枪游侠,嚎哭深渊,匹配,8/ 7/ 22,11.7K / 72,2019-11-14 22:26
狂野女猎手,嚎哭深渊,匹配,20/ 7/ 35,17.3K / 57,2019-11-14 21:58
迅捷斥候,嚎哭深渊,匹配,17/ 11/ 22,15.3K / 71,2019-11-14 21:32
蛮族之王,召唤师峡谷,排位,4/ 4/ 3,16.1K / 307,2019-11-13 22:43
沙漠死神,召唤师峡谷,排位,13/ 7/ 4,17.2K / 225,2019-11-13 22:06
沙漠死神,召唤师峡谷,排位,10/ 3/ 11,16.5K / 247,2019-11-13 21:23
诺克萨斯之手,召唤师峡谷,排位,5/ 6/ 4,9.7K / 179,2019-11-12 23:04
诺克萨斯之手,召唤师峡谷,排位,13/ 3/ 3,16.4K / 227,2019-11-12 22:27
蒸汽机器人,召唤师峡谷,匹配,3/ 8/ 28,9.7K / 43,2019-11-08 23:52
皮城女警,召唤师峡谷,匹配,3/ 6/ 5,10.2K / 191,2019-11-08 23:18
暗夜猎手,召唤师峡谷,匹配,11/ 7/ 21,12.6K / 92,2019-11-08 22:46
圣枪游侠,召唤师峡谷,匹配,6/ 0/ 6,7.4K / 118,2019-11-08 22:21
探险家,召唤师峡谷,匹配,9/ 1/ 21,14.9K / 207,2019-11-08 21:44
邪恶小法师,召唤师峡谷,匹配,4/ 2/ 15,9.1K / 25,2019-11-08 21:13
魂锁典狱长,召唤师峡谷,匹配,4/ 10/ 14,8.5K / 22,2019-11-06 22:54
诺克萨斯之手,召唤师峡谷,匹配,10/ 2/ 1,12.5K / 194,2019-11-06 22:26
山隐之焰,召唤师峡谷,匹配,1/ 9/ 6,6.3K / 52,2019-11-06 21:54
沙漠死神,召唤师峡谷,匹配,10/ 8/ 14,18.5K / 269,2019-11-06 21:11
蛮族之王,召唤师峡谷,匹配,8/ 1/ 12,14.2K / 221,2019-11-06 20:40
探险家,嚎哭深渊,匹配,11/ 9/ 18,13.4K / 53,2019-11-06 20:13
殇之木乃伊,嚎哭深渊,匹配,6/ 8/ 19,11.9K / 29,2019-11-05 22:59
离群之刺,嚎哭深渊,匹配,13/ 8/ 12,11.3K / 52,2019-11-05 22:41
虚空之眼,嚎哭深渊,匹配,13/ 8/ 29,14.3K / 39,2019-11-05 22:17
复仇焰魂,嚎哭深渊,匹配,1/ 3/ 7,5.6K / 21,2019-11-05 22:04
齐天大圣,召唤师峡谷,排位,11/ 5/ 11,14.1K / 185,2019-11-05 21:24
熔岩巨兽,召唤师峡谷,排位,7/ 9/ 21,14.2K / 202,2019-11-05 20:36
蛮族之王,召唤师峡谷,排位,5/ 2/ 2,8.3K / 144,2019-11-05 20:11
虚空掠夺者,嚎哭深渊,匹配,9/ 9/ 22,12.6K / 32,2019-11-04 23:10
潮汐海灵,嚎哭深渊,匹配,1/ 1/ 0,2.7K / 13,2019-11-04 23:04
不屈之枪,嚎哭深渊,匹配,3/ 8/ 7,8.0K / 15,2019-11-04 22:43
熔岩巨兽,嚎哭深渊,匹配,6/ 5/ 14,8.4K / 11,2019-11-04 22:25
齐天大圣,召唤师峡谷,排位,1/ 2/ 2,5.6K / 102,2019-11-04 22:01
熔岩巨兽,召唤师峡谷,排位,4/ 2/ 11,11.4K / 177,2019-11-04 21:24
沙漠死神,召唤师峡谷,排位,6/ 3/ 4,11.0K / 169,2019-11-04 20:52
沙漠死神,召唤师峡谷,排位,8/ 2/ 4,12.3K / 199,2019-11-04 20:21
沙漠死神,召唤师峡谷,排位,13/ 1/ 10,16.5K / 198,2019-11-04 19:29
诺克萨斯之手,召唤师峡谷,排位,5/ 7/ 5,12.0K / 209,2019-10-08 20:22
时间刺客,召唤师峡谷,排位,11/ 9/ 8,14.5K / 180,2019-10-03 15:28
时间刺客,召唤师峡谷,排位,1/ 1/ 0,2.9K / 13,2019-10-03 15:02
虚空恐惧,召唤师峡谷,排位,6/ 5/ 8,10.2K / 164,2019-10-03 14:26
荣耀行刑官,召唤师峡谷,排位,10/ 6/ 10,17.4K / 215,2019-10-03 13:44
疾风剑豪,召唤师峡谷,排位,8/ 4/ 3,12.2K / 170,2019-10-03 13:14
远古巫灵,嚎哭深渊,匹配,16/ 5/ 22,12.9K / 35,2019-10-01 16:52
圣枪游侠,召唤师峡谷,匹配,1/ 4/ 13,9.4K / 166,2019-10-01 14:26
探险家,召唤师峡谷,匹配,6/ 3/ 3,9.4K / 156,2019-10-01 13:59
探险家,召唤师峡谷,匹配,6/ 3/ 12,9.8K / 120,2019-10-01 13:32
虚空遁地兽,召唤师峡谷,匹配,8/ 10/ 7,13.2K / 153,2019-09-22 17:20
暮光星灵,召唤师峡谷,匹配,4/ 7/ 7,8.0K / 31,2019-09-22 16:49
远古巫灵,召唤师峡谷,匹配,16/ 10/ 15,16.4K / 129,2019-09-22 16:13
暗夜猎手,召唤师峡谷,匹配,14/ 9/ 7,15.8K / 195,2019-09-22 15:40
寒冰射手,召唤师峡谷,匹配,13/ 3/ 15,15.8K / 233,2019-09-22 15:05
虚空掠夺者,召唤师峡谷,匹配,22/ 3/ 4,19.2K / 256,2019-09-21 23:25
